x,y
15.0,34.49926680304068
15.07007007007007,3.1716354870285173
15.14014014014014,-1.0708378604385018
15.21021021021021,14.541270054635142
15.28028028028028,41.169297573471745
15.35035035035035,34.26184595452541
15.42042042042042,25.55841644235155
15.49049049049049,46.02471808134524
15.56056056056056,14.206111598949148
15.63063063063063,67.68322385707275
15.7007007007007,19.68087965019745
15.77077077077077,37.32828649420964
15.84084084084084,47.66051683982147
15.91091091091091,14.801199659451175
15.98098098098098,44.56974723496149
16.05105105105105,24.512838155062827
16.12112112112112,35.29773873600894
16.19119119119119,43.56430939387675
16.26126126126126,29.66973721550137
16.33133133133133,22.063437736449195
16.4014014014014,9.040828885777302
16.47147147147147,34.864966535325735
16.54154154154154,15.84330137294811
16.61161161161161,39.13788224925471
16.68168168168168,52.03165172489615
16.75175175175175,29.607877026802893
16.82182182182182,43.15980367933876
16.89189189189189,14.92795310718323
16.96196196196196,31.799824058767065
17.03203203203203,2.435788145791985
17.1021021021021,50.76955356769356
17.17217217217217,29.90023890348033
17.24224224224224,24.029075557564433
17.31231231231231,21.96969335764942
17.38238238238238,38.975444467245694
17.45245245245245,50.240124839809525
17.52252252252252,57.21586149376182
17.59259259259259,30.107075050444095
17.66266266266266,26.72939594815563
17.73273273273273,25.14931226828498
17.802802802802802,7.628951929998927
17.872872872872872,14.765483132692172
17.942942942942942,16.467813677849765
18.013013013013012,41.955935873060305
18.083083083083082,27.789609342359242
18.153153153153152,49.04894821734269
18.223223223223222,36.4639421308074
18.293293293293292,12.262948601611566
18.363363363363362,8.452197261669596
18.433433433433432,19.16411221349771
18.503503503503502,56.138186559127256
18.573573573573572,-1.0081949073356142
18.643643643643642,40.12020450952869
18.713713713713712,32.775283963784815
18.783783783783782,16.930698577684183
18.853853853853852,47.59005966856211
18.923923923923923,36.43759414940706
18.993993993993996,41.02102181009448
19.064064064064063,49.90804587930448
19.134134134134136,12.752000004206927
19.204204204204203,26.54996640944117
19.274274274274276,11.209390412169306
19.344344344344343,-3.4394181989082853
19.414414414414416,46.83299037107175
19.484484484484483,15.446686191512708
19.554554554554556,58.500259675145095
19.624624624624623,38.167054328567836
19.694694694694697,36.00419171091195
19.764764764764763,46.75127423365735
19.834834834834837,29.47179353526778
19.904904904904903,16.7820523793729
19.974974974974977,62.697251191637264
20.045045045045043,70.18485366231357
20.115115115115117,47.115683178037735
20.185185185185183,36.52391241929665
20.255255255255257,50.80876862361981
20.325325325325323,22.037259275476522
20.395395395395397,21.350952830306092
20.465465465465464,5.1498950940749175
20.535535535535537,21.99827683345751
20.605605605605604,33.798770907890045
20.675675675675677,30.47235747466422
20.745745745745747,46.45884846963386
20.815815815815817,16.40094193435276
20.885885885885887,57.86403981425864
20.955955955955957,19.540963523792968
21.026026026026027,35.05055878691295
21.096096096096097,52.833213654157746
21.166166166166168,71.8158754201095
21.236236236236238,25.263679207486913
21.306306306306308,47.62983752287005
21.376376376376378,14.674001555887621
21.446446446446448,46.176071344192735
21.516516516516518,52.131364165549066
21.586586586586588,59.755675865138144
21.656656656656658,16.278687843480327
21.726726726726728,33.94870191881467
21.796796796796798,10.774861978101292
21.866866866866868,31.425194854187616
21.936936936936938,48.54921562044615
22.007007007007008,19.57001727062435
22.077077077077078,29.019117248845568
22.147147147147148,51.23684374912893
22.217217217217218,35.834009848805955
22.28728728728729,37.51062620642505
22.35735735735736,32.98726712195463
22.42742742742743,39.877284134518135
22.4974974974975,37.75167177131754
22.56756756756757,46.36701484361671
22.63763763763764,31.9710525071701
22.70770770770771,44.506853526166196
22.77777777777778,7.877889353433112
22.84784784784785,38.41351476087698
22.91791791791792,23.301802215928674
22.98798798798799,25.082798335842632
23.05805805805806,31.22526383703724
23.12812812812813,60.77876622277142
23.1981981981982,37.52627454502603
23.26826826826827,1.9852442243675839
23.33833833833834,37.83382859101075
23.40840840840841,36.069062274973724
23.47847847847848,20.508708440478667
23.54854854854855,47.74609825807725
23.61861861861862,27.47166020213912
23.68868868868869,25.036826428068508
23.75875875875876,53.626875091546594
23.82882882882883,48.05956985053629
23.8988988988989,27.55621477327645
23.96896896896897,61.524086435096734
24.03903903903904,21.482291414122695
24.10910910910911,14.613090023587407
24.17917917917918,37.75158671256896
24.24924924924925,31.208536092465398
24.31931931931932,34.93757205168321
24.38938938938939,49.17685208400826
24.45945945945946,27.530961251222905
24.52952952952953,55.924914273766554
24.5995995995996,30.642896644733042
24.66966966966967,24.172748342977275
24.73973973973974,46.21056268498496
24.80980980980981,53.522777553993436
24.87987987987988,15.728542911382483
24.94994994994995,46.30197557742033
25.02002002002002,29.216448568673837
25.09009009009009,60.260444273682396
25.16016016016016,66.64530646967603
25.23023023023023,52.0324085671862
25.3003003003003,52.57030174017899
25.37037037037037,32.44795997390814
25.44044044044044,55.72663864647197
25.51051051051051,48.86520282364204
25.58058058058058,58.149886881181764
25.65065065065065,18.226004020833713
25.72072072072072,19.014022204499323
25.79079079079079,28.352987908581692
25.86086086086086,20.769097259471526
25.93093093093093,52.23349441380046
26.001001001001,49.428302008615006
26.07107107107107,41.567905146645884
26.14114114114114,50.889567727498644
26.21121121121121,27.797087317228346
26.28128128128128,51.670467092101774
26.351351351351354,41.884246688640125
26.42142142142142,77.94515371551257
26.491491491491495,53.26195705008786
26.56156156156156,79.89412896438057
26.631631631631635,53.20771911347032
26.7017017017017,53.959832024868305
26.771771771771775,54.86189607668058
26.84184184184184,40.0834581068546
26.911911911911915,42.144409157065034
26.98198198198198,59.88327431897755
27.052052052052055,46.58084225313304
27.12212212212212,55.98211310604098
27.192192192192195,2.6858430211410322
27.26226226226226,49.17760639447052
27.332332332332335,54.60499792597164
27.4024024024024,43.00287008539718
27.472472472472475,35.96698569170806
27.54254254254254,38.49506563278054
27.612612612612615,52.77368665772289
27.68268268268268,50.962115993275276
27.752752752752755,31.73459625309995
27.822822822822822,40.780835650727965
27.892892892892895,22.538676608125975
27.962962962962962,50.291984342909586
28.033033033033036,30.15629454358144
28.103103103103102,-15.431698375090157
28.173173173173176,33.41663327601576
28.243243243243242,52.56201915457438
28.313313313313316,33.821711984503715
28.383383383383382,40.04746826792204
28.453453453453456,22.25817444426679
28.523523523523522,51.960107929593406
28.593593593593596,21.430113818256398
28.663663663663662,28.22529912538028
28.733733733733736,41.83773366192325
28.803803803803802,42.436354913716535
28.873873873873876,46.07766590558838
28.943943943943943,30.520928093457897
29.014014014014016,55.52294561703243
29.084084084084083,26.240479055165856
29.154154154154156,61.9422207704212
29.224224224224223,61.18654574072353
29.294294294294296,37.53646439247715
29.364364364364363,51.07277062572001
29.434434434434436,67.00263769128571
29.504504504504503,42.57269145442977
29.574574574574577,58.178755480681126
29.644644644644643,48.04558635927112
29.714714714714717,55.04398780335696
29.784784784784783,49.12493634367614
29.854854854854857,36.82880471503198
29.924924924924923,57.32800421651106
29.994994994994997,70.73779566505395
30.065065065065063,67.11756595390119
30.135135135135137,22.156060762422886
30.205205205205203,25.42779597781578
30.275275275275277,38.498480201057845
30.345345345345343,64.00358935746837
30.415415415415417,42.58336521901256
30.485485485485484,34.23862169427838
30.555555555555557,51.209043642350316
30.625625625625624,49.58472181387412
30.695695695695697,58.758228142210214
30.765765765765767,50.75959820802109
30.835835835835837,28.558654255472366
30.905905905905907,58.98223626256067
30.975975975975977,63.75358888970805
31.046046046046047,54.920780574621716
31.116116116116117,54.619781275238765
31.186186186186188,66.95326668075131
31.256256256256258,65.31434707388081
31.326326326326328,83.63007249239399
31.396396396396398,26.205479850010786
31.466466466466468,29.0287330999231
31.536536536536538,71.34184955983409
31.606606606606608,34.00371010365953
31.676676676676678,50.698813853845195
31.746746746746748,74.54963883459318
31.816816816816818,35.87173492927517
31.886886886886888,48.44146151651409
31.956956956956958,42.55954151087127
32.02702702702703,33.35330525637277
32.0970970970971,57.18633727662544
32.167167167167165,36.709314875779654
32.23723723723724,28.607004153667482
32.30730730730731,68.63058705566621
32.37737737737738,60.048789366077315
32.447447447447445,56.3305933892998
32.51751751751752,56.26187044212511
32.58758758758759,39.777391783385134
32.65765765765766,72.83686226994746
32.727727727727725,58.7701457005662
32.7977977977978,64.22717577211353
32.86786786786787,66.4396523116714
32.93793793793794,22.073631097825118
33.008008008008005,57.93533196465989
33.07807807807808,25.519891557201007
33.14814814814815,51.0216318412052
33.21821821821822,51.765713418975935
33.288288288288285,39.99079704188915
33.35835835835836,53.2497040809562
33.42842842842843,52.45732661205571
33.4984984984985,71.73977709398756
33.568568568568566,34.429861035876456
33.63863863863864,71.2873637146356
33.70870870870871,54.65842309235042
33.77877877877878,41.13549115455371
33.848848848848846,63.09273030133446
33.91891891891892,28.366642421890607
33.98898898898899,58.73427929284797
34.05905905905906,63.67376044423389
34.129129129129126,53.11207527870372
34.1991991991992,34.20532765978012
34.26926926926927,53.56762849403599
34.33933933933934,71.90152589084248
34.409409409409406,50.73436063566705
34.47947947947948,27.36102214999572
34.54954954954955,68.62450809883808
34.61961961961962,50.71731260944126
34.689689689689686,53.492654602032594
34.75975975975976,34.27937900926973
34.82982982982983,58.34280070623971
34.8998998998999,31.17580265360562
34.969969969969966,70.59927619541324
35.04004004004004,47.65609770057742
35.110110110110114,41.5352882262604
35.18018018018018,49.6930616946835
35.25025025025025,62.844832839213595
35.32032032032032,68.84873396207382
35.390390390390394,43.84089748132212
35.46046046046046,62.33590800312128
35.53053053053053,52.33722372665568
35.6006006006006,55.55807625305726
35.670670670670674,64.88115471185513
35.74074074074074,54.34775634520975
35.81081081081081,43.29230155822394
35.88088088088088,41.445696798082615
35.950950950950954,64.97425272730116
36.02102102102102,59.4344034743235
36.09109109109109,48.60715590947312
36.16116116116116,43.14097498795675
36.231231231231234,39.031867031375924
36.3013013013013,55.0542396461399
36.37137137137137,59.31912628804606
36.44144144144144,40.219039120517074
36.511511511511515,50.246622878212044
36.58158158158158,74.00059407132032
36.65165165165165,43.6580354725692
36.72172172172172,53.341167144653575
36.791791791791795,69.53540752125934
36.86186186186186,77.80813648789677
36.93193193193193,55.095630936312055
37.002002002002,67.43366004715057
37.072072072072075,67.90445782327153
37.14214214214214,15.910887851667773
37.21221221221221,64.91319159706083
37.28228228228228,51.68985130720408
37.352352352352355,47.61674539789738
37.42242242242242,54.939299511588345
37.492492492492495,82.86690259225271
37.56256256256256,62.874726006724444
37.632632632632635,43.63501632248547
37.70270270270271,55.6281241247713
37.772772772772775,77.86686430662877
37.84284284284284,58.631559411147386
37.912912912912915,50.74072564000692
37.98298298298299,43.78600868764905
38.053053053053056,43.27826059732543
38.12312312312312,61.15423933029091
38.193193193193196,50.39079151299787
38.26326326326327,45.5977486464854
38.333333333333336,34.783464690740885
38.4034034034034,49.3173847051287
38.473473473473476,79.82178811038987
38.54354354354355,77.46134854378205
38.613613613613616,50.216167483923236
38.68368368368368,78.89046948040281
38.753753753753756,74.4217385568272
38.82382382382383,67.39409564517229
38.893893893893896,72.89820590141505
38.96396396396396,62.21706792909046
39.034034034034036,69.89404639738305
39.10410410410411,64.31129121346476
39.174174174174176,29.459771874910913
39.24424424424424,71.41283926055763
39.314314314314316,50.04287881659053
39.38438438438439,44.05449980766916
39.454454454454456,35.30553623990557
39.52452452452452,82.62889776440497
39.5945945945946,69.01699124010086
39.66466466466467,42.790918212191485
39.73473473473474,67.26823759549325
39.8048048048048,38.383295332016544
39.87487487487488,87.6023894178488
39.94494494494495,27.204196352980716
40.01501501501502,75.99577449497266
40.08508508508508,51.97514576102193
40.15515515515516,62.96139769455389
40.22522522522523,73.96570526864764
40.2952952952953,79.91697901162814
40.36536536536536,49.5141216873172
40.43543543543544,50.93389480935636
40.50550550550551,51.54043091275073
40.57557557557558,92.11188345269676
40.645645645645644,42.72044934629484
40.71571571571572,58.377644377854295
40.78578578578579,56.56956257001768
40.85585585585586,60.234786006885734
40.925925925925924,75.28316049585975
40.995995995996,54.08908307565113
41.06606606606607,50.98310534576243
41.13613613613614,51.135545873045885
41.206206206206204,70.28819985724701
41.27627627627628,72.82772445301713
41.34634634634635,91.76764699618059
41.41641641641642,79.34697572382017
41.486486486486484,58.31857490823343
41.55655655655656,52.96064293663755
41.62662662662663,95.13395169732689
41.6966966966967,63.733837113958245
41.766766766766764,60.024663421576555
41.83683683683684,72.5464305697734
41.90690690690691,48.83418764398177
41.97697697697698,49.44378563643077
42.047047047047045,89.55502894876201
42.11711711711712,65.32373254730021
42.18718718718719,60.04149280788679
42.25725725725726,83.1191358910453
42.327327327327325,51.946166069721656
42.3973973973974,72.3041742292986
42.46746746746747,63.08300028348467
42.53753753753754,45.53228726287465
42.607607607607605,83.18894372103469
42.67767767767768,81.42784412368815
42.74774774774775,74.49849984397248
42.81781781781782,46.37307702109024
42.887887887887885,30.92593633884801
42.95795795795796,37.19105220338252
43.02802802802803,58.00594601226817
43.0980980980981,44.0875612231259
43.168168168168165,92.11282212927729
43.23823823823824,71.97347723426363
43.30830830830831,107.92715968679323
43.37837837837838,65.38564456075733
43.448448448448445,74.49603873474896
43.51851851851852,60.97747754935867
43.58858858858859,79.95814863832176
43.65865865865866,22.883284798146143
43.728728728728726,42.99708601818875
43.7987987987988,78.81081826906964
43.86886886886887,99.72694957775225
43.93893893893894,75.46684180312408
44.009009009009006,32.704707681880585
44.07907907907908,32.59148927111943
44.14914914914915,89.75831969837313
44.21921921921922,65.34150580388379
44.289289289289286,63.58327275300277
44.35935935935936,105.97864809190838
44.42942942942943,71.51749257086954
44.4994994994995,61.22077313157237
44.569569569569566,93.45554878652811
44.63963963963964,76.85605114783709
44.70970970970971,46.34806945062486
44.77977977977978,45.9928026999234
44.849849849849846,68.59834981014352
44.91991991991992,104.38646434842502
44.98998998998999,79.53326269660684
45.06006006006006,71.39891484878015
45.13013013013013,105.89922620617251
45.2002002002002,27.58053957791237
45.270270270270274,59.352945097439786
45.34034034034034,94.43979668764273
45.41041041041041,87.45651438448836
45.48048048048048,78.75561122109947
45.550550550550554,70.22573393924681
45.62062062062062,67.35088892001798
45.69069069069069,75.2324429663328
45.76076076076076,68.00351828410854
45.830830830830834,69.10880250059019
45.9009009009009,97.75105240208029
45.97097097097097,93.70181148451208
46.04104104104104,60.82653633926729
46.111111111111114,75.7477228444678
46.18118118118118,84.22335116254528
46.25125125125125,65.13928095382272
46.32132132132132,58.21987268854694
46.391391391391394,72.45219717191293
46.46146146146147,97.33197820739305
46.531531531531535,77.79486062302827
46.6016016016016,78.3198739621597
46.671671671671675,89.4863938648818
46.74174174174175,96.70434997945912
46.811811811811815,68.47488734486583
46.88188188188188,63.655031542933216
46.951951951951955,77.8980350612626
47.02202202202202,76.08609233640556
47.092092092092095,54.72694989521652
47.16216216216216,89.61315919679944
47.232232232232235,76.45638179888977
47.3023023023023,95.22266288958485
47.372372372372375,50.83255321462911
47.44244244244244,63.56765841141915
47.512512512512515,79.684546670187
47.58258258258258,86.11717247371041
47.652652652652655,50.13024383022504
47.72272272272272,66.89338606114909
47.792792792792795,102.14552460975491
47.86286286286286,81.95964552784908
47.932932932932935,84.22012565945887
48.003003003003,103.75946924848066
48.073073073073076,81.06880967780228
48.14314314314314,61.76212636724014
48.213213213213216,66.42916869364342
48.28328328328328,92.56863456648868
48.353353353353356,95.90650462340949
48.42342342342342,91.0643092526663
48.493493493493496,96.92346284397247
48.56356356356356,100.97629467462872
48.633633633633636,65.52131939106741
48.7037037037037,85.53020007816379
48.773773773773776,66.4147306460747
48.84384384384384,91.13606255666205
48.913913913913916,71.55171983263287
48.98398398398398,66.7045241394944
49.054054054054056,87.22471418261537
49.12412412412412,84.74365198242258
49.194194194194196,52.17425929508664
49.26426426426426,81.44554047447576
49.334334334334336,83.12059028932904
49.4044044044044,63.196473384534556
49.474474474474476,99.85350951009518
49.54454454454454,101.94756026117486
49.61461461461462,90.56239238927834
49.68468468468468,74.14345437870118
49.75475475475476,63.68914896582588
49.82482482482482,108.82858972448204
49.8948948948949,49.74991811343848
49.96496496496496,95.36890083012977
50.03503503503504,85.83982602358552
50.1051051051051,97.48462860788368
50.17517517517518,89.17644447302274
50.24524524524524,50.823446260493476
50.31531531531532,87.35200683098923
50.38538538538538,48.81095247435631
50.45545545545546,91.6612689309417
50.525525525525524,41.86609470235947
50.5955955955956,83.54169998116832
50.665665665665664,75.09022031352846
50.73573573573574,87.20928370658906
50.805805805805804,69.5582936901365
50.87587587587588,61.22805560059001
50.94594594594595,86.55491493240139
51.01601601601602,72.03617019959233
51.08608608608609,86.34001826480151
51.15615615615616,75.99357620038862
51.22622622622623,59.46887165976508
51.2962962962963,94.75226412910993
51.36636636636637,107.50537131563482
51.43643643643644,86.2622179770647
51.50650650650651,80.76608262450426
51.57657657657658,62.56062244815216
51.64664664664665,78.25543143434169
51.71671671671672,101.26923762505893
51.78678678678679,84.41758657842223
51.85685685685686,101.71063581385957
51.92692692692693,77.18774731941429
51.996996996997,78.08697368790186
52.06706706706707,81.5854382751136
52.13713713713714,64.18230655862709
52.20720720720721,89.93476039475308
52.27727727727728,93.10740002593037
52.34734734734735,85.18781038235346
52.41741741741742,84.04316165261157
52.48748748748749,90.8230297478395
52.55755755755756,79.58876207983683
52.62762762762763,115.26396236330729
52.6976976976977,102.64080321325787
52.76776776776777,75.96422846305336
52.83783783783784,72.47851737946799
52.90790790790791,106.23218318273456
52.97797797797798,86.87023123079067
53.04804804804805,70.36594376664446
53.11811811811812,96.09302873725488
53.18818818818819,89.73563416170079
53.25825825825826,61.36425097404596
53.32832832832833,89.79742947338072
53.3983983983984,90.88089014530009
53.46846846846847,68.61357481060865
53.53853853853854,76.81105631323969
53.60860860860861,75.95495316189138
53.67867867867868,76.96045099326287
53.74874874874875,72.86408747480672
53.81881881881882,117.8499756390357
53.88888888888889,86.79580713818734
53.95895895895896,81.59707087484563
54.02902902902903,122.99728757941651
54.0990990990991,75.9979776127321
54.16916916916917,79.89375832911209
54.23923923923924,81.19005135612909
54.30930930930931,79.92238790353656
54.37937937937938,96.6337071107831
54.44944944944945,104.18163960647834
54.51951951951952,92.6307253064555
54.58958958958959,88.17011527426055
54.65965965965966,97.64794742527037
54.72972972972973,88.30269148823795
54.7997997997998,70.80246440902127
54.86986986986987,89.365466892805
54.93993993993994,91.87685214244402
55.010010010010014,81.58851999903733
55.08008008008008,78.04430264290271
55.150150150150154,86.58712690062605
55.22022022022022,49.671817603652336
55.290290290290294,88.91920336311165
55.36036036036036,101.0997703838871
55.430430430430434,85.46056207374164
55.5005005005005,93.18950737198377
55.570570570570574,100.41905504128144
55.64064064064064,61.22211141291929
55.710710710710714,58.775536852054
55.78078078078078,76.53149386385027
55.850850850850854,102.15320350750847
55.92092092092092,78.35517401692721
55.990990990990994,110.04462265071788
56.06106106106106,78.90395351326374
56.131131131131134,100.11830538051663
56.2012012012012,90.55422216698427
56.271271271271274,117.72896334346721
56.34134134134134,89.15298062092
56.411411411411414,126.78816894091345
56.48148148148148,104.24034806295398
56.551551551551555,106.73932774442004
56.62162162162162,105.39673387419488
56.691691691691695,77.38670574081577
56.76176176176176,89.47642779609976
56.831831831831835,120.18394726288085
56.9019019019019,59.66294057918359
56.971971971971975,78.0314326331868
57.04204204204204,44.60918740596008
57.112112112112115,73.36816804759843
57.18218218218218,87.5272584353094
57.252252252252255,96.27063300790341
57.32232232232232,88.82688812010218
57.392392392392395,98.67020430472319
57.46246246246246,98.26220814360714
57.532532532532535,96.97914621784784
57.6026026026026,94.68646477867813
57.672672672672675,54.14224361217554
57.74274274274274,110.52012691775853
57.812812812812815,105.3234051309682
57.88288288288288,71.45505487634406
57.952952952952955,90.99752903062351
58.02302302302302,67.67032571001184
58.093093093093096,90.08170531761138
58.16316316316316,63.061958239630385
58.233233233233236,58.073213908063266
58.3033033033033,85.57943026544123
58.373373373373376,95.56507893207022
58.44344344344344,118.49062862112301
58.513513513513516,89.70238533972854
58.58358358358358,103.03040024882563
58.653653653653656,84.59760687280027
58.72372372372372,92.14315552702833
58.793793793793796,99.34308089809551
58.86386386386386,122.45856198630375
58.933933933933936,87.67061138909013
59.004004004004,44.41603741030875
59.074074074074076,84.48371352213744
59.14414414414414,105.08446324541873
59.214214214214216,86.30017064092202
59.28428428428428,99.94855808471675
59.354354354354356,82.53012837329031
59.42442442442442,122.85481605362611
59.4944944944945,118.03591176805395
59.56456456456456,92.76177576643583
59.63463463463464,98.79090140876637
59.7047047047047,121.74052219967125
59.77477477477478,100.21957459667028
59.84484484484484,77.61582657067657
59.91491491491492,83.1456034206133
59.98498498498499,134.40243560655824
60.05505505505506,103.46204008032868
60.12512512512513,73.58224202786917
60.1951951951952,126.29151201813328
60.26526526526527,110.1203049477573
60.33533533533534,77.00055604753273
60.40540540540541,112.56035452084569
60.47547547547548,91.19378148784742
60.54554554554555,97.29020020083527
60.61561561561562,88.3450894434404
60.68568568568569,113.34115693122476
60.75575575575576,102.7222065233462
60.82582582582583,79.29671071886398
60.8958958958959,101.6730156427778
60.96596596596597,106.43322797654754
61.03603603603604,122.82557072123848
61.10610610610611,106.22135846039549
61.17617617617618,114.60816737398977
61.24624624624625,97.39531819745288
61.31631631631632,97.54065057775507
61.38638638638639,111.18265691586595
61.45645645645646,121.48172748287959
61.52652652652653,90.17340380652219
61.5965965965966,91.0716014599094
61.66666666666667,76.29624765136153
61.73673673673674,78.50814280168873
61.80680680680681,63.283282548202564
61.87687687687688,106.71886127835585
61.94694694694695,124.69615935174363
62.01701701701702,121.25946876020413
62.08708708708709,64.6826016990053
62.15715715715716,66.38788278462988
62.22722722722723,101.48962494507614
62.2972972972973,86.89129044201398
62.36736736736737,93.70358385184863
62.43743743743744,68.63757318431391
62.50750750750751,106.3933048231572
62.57757757757758,106.91026351557394
62.64764764764765,91.92641760627828
62.71771771771772,94.88205293786966
62.78778778778779,98.08194862386512
62.85785785785786,109.68062616142349
62.92792792792793,92.4069162515307
62.997997997998,95.42453249500944
63.06806806806807,100.87323407624406
63.13813813813814,116.4450987558158
63.20820820820821,96.67551939132812
63.27827827827828,86.65284646570109
63.34834834834835,129.2207502892596
63.41841841841842,130.5037251109276
63.48848848848849,116.8943003991619
63.55855855855856,106.47676287375985
63.62862862862863,86.50550265717621
63.6986986986987,109.1730222410317
63.76876876876877,112.31723464276486
63.83883883883884,80.47898231102029
63.90890890890891,110.53072406783153
63.97897897897898,80.98421330761572
64.04904904904905,72.89136175926211
64.11911911911912,115.46933929786744
64.1891891891892,96.42632811252541
64.25925925925927,92.92072355931138
64.32932932932934,91.60304346606402
64.3993993993994,124.33239949357315
64.46946946946947,73.43328173497031
64.53953953953953,98.9769766599098
64.6096096096096,104.01638098754351
64.67967967967968,88.63605713232337
64.74974974974975,118.16214802046474
64.81981981981983,119.65694052519856
64.8898898898899,113.5343060413768
64.95995995995996,97.38278680167431
65.03003003003003,109.85475504069497
65.1001001001001,117.80388518830316
65.17017017017017,131.15279196699007
65.24024024024024,96.90479864541136
65.31031031031031,89.13490990362857
65.38038038038039,107.44454375116142
65.45045045045046,95.65311446559238
65.52052052052052,96.53611396625892
65.5905905905906,98.00931225020267
65.66066066066065,86.21974528354893
65.73073073073073,111.98836777752162
65.8008008008008,98.30984365502789
65.87087087087087,90.61108630308962
65.94094094094095,111.73528947559274
66.01101101101102,96.20425244001996
66.08108108108108,105.2746861402156
66.15115115115115,143.77820527285152
66.22122122122121,81.55884977801264
66.29129129129129,101.35909147569296
66.36136136136136,135.12659552502492
66.43143143143143,142.98256162660311
66.50150150150151,121.9899283045888
66.57157157157158,148.40560525067033
66.64164164164164,113.98880825469297
66.71171171171171,93.63972115666537
66.78178178178177,104.45571260435145
66.85185185185185,98.35748035895942
66.92192192192192,105.59925165172604
66.991991991992,120.15303680973246
67.06206206206207,77.18082736524448
67.13213213213214,107.06434437139131
67.2022022022022,109.92685603027789
67.27227227227228,141.41975550742612
67.34234234234233,107.32663155657303
67.41241241241241,112.68335883496667
67.48248248248248,115.29786510646473
67.55255255255256,117.97847612618145
67.62262262262263,100.25355531068854
67.6926926926927,121.15504942202071
67.76276276276276,100.42520012479986
67.83283283283284,112.81269292460406
67.9029029029029,116.7116519999376
67.97297297297297,83.02601037630984
68.04304304304304,98.9401260565834
68.11311311311312,97.79375108769761
68.18318318318319,145.49075743540232
68.25325325325326,105.05447389920077
68.32332332332332,131.82315447205542
68.3933933933934,101.18211119654066
68.46346346346346,127.64439288692094
68.53353353353353,73.79640738786131
68.6036036036036,105.10850912328608
68.67367367367368,144.0039095425381
68.74374374374375,107.29830247702496
68.81381381381382,104.32344353484942
68.8838838838839,106.31877038275894
68.95395395395396,116.96017370178467
69.02402402402403,115.4853743353209
69.09409409409409,130.46227313919732
69.16416416416416,150.87460934394238
69.23423423423424,102.12631935062622
69.30430430430431,126.82116818123157
69.37437437437438,99.63267513893683
69.44444444444446,90.71341264855562
69.51451451451452,92.56770974142857
69.58458458458459,107.44359212878058
69.65465465465465,105.02905205305214
69.72472472472472,142.50912535963982
69.7947947947948,120.71663047068124
69.86486486486487,109.10448596612055
69.93493493493494,106.19931119271268
70.00500500500502,123.43655542788049
70.07507507507508,122.12962081899245
70.14514514514515,99.48623006423851
70.21521521521521,144.0070272545374
70.28528528528528,97.4148625775854
70.35535535535536,105.81587536877691
70.42542542542543,120.37175983593488
70.4954954954955,110.71313868325842
70.56556556556558,103.14456072282215
70.63563563563564,101.61967360633898
70.70570570570571,120.0462686321101
70.77577577577577,123.36605890694364
70.84584584584584,156.18467765215956
70.91591591591592,133.37139978254078
70.98598598598599,109.74708195209665
71.05605605605606,125.64415115665436
71.12612612612614,104.93213225359507
71.1961961961962,101.17941052347723
71.26626626626627,118.27878536102722
71.33633633633633,104.44006778095088
71.4064064064064,119.60444565012023
71.47647647647648,107.46145362552697
71.54654654654655,128.47408491289121
71.61661661661662,113.4467598015411
71.6866866866867,133.01283312573142
71.75675675675676,112.29374234207772
71.82682682682683,132.26405437837712
71.89689689689689,113.6909478014426
71.96696696696696,129.55546607099606
72.03703703703704,124.66751878786292
72.10710710710711,85.8429970306031
72.17717717717719,127.77023289584612
72.24724724724726,95.515426708654
72.31731731731732,109.7299081167645
72.38738738738739,125.73081989387855
72.45745745745745,97.47511512230915
72.52752752752752,128.79685234802096
72.5975975975976,117.61552394348857
72.66766766766767,111.0832912641119
72.73773773773775,132.6428190776652
72.80780780780782,108.5816751130029
72.87787787787788,134.28540245211948
72.94794794794795,104.95780642791162
73.01801801801801,110.8757533699552
73.08808808808809,98.09505148209635
73.15815815815816,98.74339843606718
73.22822822822823,116.28899771148508
73.2982982982983,101.07724554796465
73.36836836836838,134.5428383638567
73.43843843843844,83.68744263928656
73.50850850850851,122.80122860351736
73.57857857857857,102.38184173088507
73.64864864864865,74.68703225948965
73.71871871871872,115.69412770472051
73.78878878878879,111.15019767371076
73.85885885885887,138.11325479104752
73.92892892892894,119.28866256010947
73.998998998999,118.94822278643855
74.06906906906907,139.0224495789328
74.13913913913913,130.8144565381352
74.2092092092092,122.62326486057724
74.27927927927928,122.39127952578754
74.34934934934935,99.71450974432935
74.41941941941943,129.934513840176
74.4894894894895,103.19578482678598
74.55955955955956,118.14540265786749
74.62962962962963,116.45290402795546
74.69969969969969,107.27584775587772
74.76976976976977,99.02283398126858
74.83983983983984,85.8152967488456
74.90990990990991,122.96852993699632
74.97997997997999,127.33040522275702
75.05005005005006,108.57892178933108
75.12012012012012,142.60514049067615
75.1901901901902,118.10953271608594
75.26026026026025,110.61497274934233
75.33033033033033,111.26964826717695
75.4004004004004,111.88557305703394
75.47047047047047,132.26312166778018
75.54054054054055,128.9203430943192
75.61061061061062,132.75312468388466
75.68068068068068,88.69403824874409
75.75075075075075,129.56992867443847
75.82082082082081,137.18940874458622
75.89089089089089,112.25640072857378
75.96096096096096,104.47037867778275
76.03103103103103,150.16990693733837
76.10110110110111,143.52191501669256
76.17117117117118,146.32306656539907
76.24124124124124,106.73725333406546
76.31131131131131,155.09930602732746
76.38138138138137,142.63475144494097
76.45145145145145,128.46867184222882
76.52152152152152,141.5197266485009
76.5915915915916,130.4648339917115
76.66166166166167,109.45462536744637
76.73173173173174,137.3396865243467
76.8018018018018,101.55472318912017
76.87187187187187,104.58147372688263
76.94194194194193,147.34249288204006
77.01201201201201,102.05325615257695
77.08208208208208,157.61149995235752
77.15215215215215,111.41077772579946
77.22222222222223,126.24450263575635
77.2922922922923,102.99071954650796
77.36236236236236,121.02061126117928
77.43243243243244,114.71854992644717
77.5025025025025,127.15963627530597
77.57257257257257,129.0076767880928
77.64264264264264,109.02260736164047
77.71271271271272,115.25404652632709
77.78278278278279,127.39177189777457
77.85285285285286,140.12436777742107
77.92292292292294,126.593138374615
77.992992992993,119.5729686253761
78.06306306306307,71.63579842636163
78.13313313313313,123.57661383599094
78.2032032032032,120.18699727129982
78.27327327327328,121.47586739994843
78.34334334334335,123.55452695958745
78.41341341341342,128.19064270553045
78.4834834834835,137.880370244518
78.55355355355356,106.07026974555343
78.62362362362363,143.9505698438958
78.69369369369369,126.91250973695726
78.76376376376376,125.92560838287947
78.83383383383384,114.14527412596468
78.90390390390391,114.32764679780453
78.97397397397398,104.47640349040225
79.04404404404404,114.73283005003545
79.11411411411412,120.88855996775223
79.18418418418419,124.7550836807867
79.25425425425426,121.53771082051729
79.32432432432432,121.01611939583329
79.3943943943944,138.00644604354912
79.46446446446447,123.44582786428575
79.53453453453454,133.74207191944595
79.6046046046046,129.7575099750522
79.67467467467468,132.46722589845953
79.74474474474475,115.98438772381441
79.81481481481482,149.8343054010968
79.88488488488488,113.63016998253494
79.95495495495496,132.58961737594473
80.02502502502503,100.23340296879454
80.0950950950951,132.7338715022432
80.16516516516516,125.93516495986529
80.23523523523524,103.97243473773898
80.30530530530531,144.14898388751294
80.37537537537538,147.30974854854355
80.44544544544544,112.70301267305477
80.51551551551552,125.51014988319497
80.58558558558559,147.31589941949542
80.65565565565566,116.09653156775873
80.72572572572572,86.8254433819773
80.7957957957958,153.1391002809495
80.86586586586587,138.72383009514903
80.93593593593594,134.28776030773082
81.006006006006,128.61805136484622
81.07607607607608,120.0880858205818
81.14614614614615,117.48196623651084
81.21621621621622,156.34558115858937
81.28628628628628,142.43014123406044
81.35635635635636,129.43923659350926
81.42642642642643,123.42003433933796
81.4964964964965,156.5169115567249
81.56656656656656,128.24157051958895
81.63663663663664,131.79056994323608
81.70670670670671,93.09851937538579
81.77677677677679,123.37912314964204
81.84684684684684,134.5008016797889
81.91691691691692,150.4707216640495
81.98698698698699,124.1082753914333
82.05705705705707,135.1216928668185
82.12712712712712,97.27543720624126
82.1971971971972,116.33496058249288
82.26726726726727,98.44527349840867
82.33733733733735,123.85826594375939
82.4074074074074,125.74130904396951
82.47747747747748,133.0009264299616
82.54754754754755,112.28917138522233
82.61761761761763,150.28592296902303
82.68768768768768,140.40176277072305
82.75775775775776,126.74245112162507
82.82782782782783,137.61192795908283
82.8978978978979,130.08521563057258
82.96796796796797,127.96086858639686
83.03803803803804,137.7494297623191
83.10810810810811,123.1995197810827
83.17817817817819,126.04654628455883
83.24824824824825,109.81717936004723
83.31831831831832,150.70753261131614
83.38838838838839,135.74550708324472
83.45845845845847,144.3617539300067
83.52852852852853,130.61340350991603
83.5985985985986,131.188510719912
83.66866866866867,128.17089878501332
83.73873873873875,152.2983716484468
83.8088088088088,136.80678574499308
83.87887887887888,131.67770900941
83.94894894894895,135.0733978233459
84.01901901901903,140.60328428842493
84.08908908908909,135.3453625013394
84.15915915915916,119.00948992456556
84.22922922922923,128.1818559677402
84.2992992992993,108.50258091521647
84.36936936936937,121.76367250908314
84.43943943943944,128.01901859908233
84.50950950950951,125.44745591648532
84.57957957957959,134.19726485733634
84.64964964964965,145.47131777465717
84.71971971971972,140.16121852710043
84.7897897897898,125.80547892019693
84.85985985985987,128.49862954281508
84.92992992992993,122.34929636135661
85.0,115.66904440800381
15.758561384551522,-33.05044286142242
11.915853130451543,-51.56582200304615
14.7245975667051,-44.48190794920497
12.6152790168244,-27.859449131437906
10.762078441852147,-39.16478521484583
4.643889248185667,-54.71443002863506
1.3375990530350208,-46.823423012131755
8.984592244354756,-52.520941242501976
15.465577607546045,-48.98766835461047
8.553233047280553,-48.73470147509964
13.128625682564843,-38.50924796966713
8.601764396975797,-50.95945688924755
6.320802157053247,-43.16612941795905
11.034192293724569,-51.29552485731958
10.860585767993271,-35.440351647009244
14.481899953660186,-35.45251444631006
22.594701201419834,-41.18447380930645
15.068487252325006,-44.17896186339783
13.833217724798963,-41.865808445234244
21.753637456696676,-41.95437945255883
18.006696510130496,-42.36522087086561
20.36809377326491,-53.98295372782848
9.410544488811054,-35.462502455199484
6.532627768362143,-38.62202204250008
11.93700568241499,-44.04120792108666
3.0776866795603777,-41.847498414130726
13.498250273944429,-37.48597904057999
10.374597554622326,-42.886406042343395
8.220478002866964,-33.900203915861766
20.65193132040737,-49.42861111019794
11.531702294257906,-43.816401156878946
13.149600859211596,-37.34864201530848
15.564188579616939,-47.06040472052943
13.444676088477856,-45.967464552271885
5.680580906976399,-28.97433001065561
14.441509083206117,-44.31523441641936
16.074090312026556,-36.696166886422475
13.82123299780434,-45.6642691237463
8.336587005369061,-41.011680064096765
11.28888445262198,-52.31715461506609
6.415920757435191,-39.781192793449904
0.4919573347481556,-55.496709001245776
17.03854506571913,-46.04267329576589
13.270943199642433,-37.76875658930022
1.6546316918841484,-42.295223644263515
16.534570080227844,-55.629943394408606
9.138883888246664,-48.001091339522965
19.956326307596512,-49.17361536774966
20.60843521978449,-57.37809524977319
12.290954013059075,-51.405128344203064
5.040202916007538,-33.346806802914216
19.270197835146373,-44.501782595974106
15.82721146250142,-41.14509465686036
21.0757785841393,-44.4892684492629
14.347545471656769,-49.298861264877026
25.633585848733247,-50.44256625951159
16.581454973336584,-47.22109291326773
2.8801494106444157,-34.56479170788746
0.6472199121625497,-42.098482937599535
9.821387820820906,-38.556035669286935
20.0594366866492,-47.424600867249936
9.924017373051482,-33.82525565149355
8.048708277056312,-66.47168622512848
16.542297201938865,-42.885712750951306
14.805933600916237,-43.1504453456101
26.518377335422382,-48.66935326464631
3.41036094058415,-56.41438323445185
16.732104374446738,-41.04215566816331
11.525210065580355,-45.96564160131777
11.147151022025426,-45.670141903520936
8.522201076249114,-40.63147069755289
10.778220630295516,-50.831105810518494
9.415355738179993,-40.42210617538211
16.949915594141174,-44.01196877155682
1.8224306483696928,-51.33681520305722
20.370667635837783,-50.01945045717072
20.850478683180555,-46.80603410650682
24.46184099113274,-46.12199697476921
16.04990230126051,-39.41128495137669
21.220128772632712,-44.422488251462866
4.117820231484465,-44.054416425071175
19.365109874535,-40.64444848456335
18.97369542216207,-43.779117633582246
12.893581782784478,-57.80944969717747
19.59493321748612,-40.083987665057336
14.5786569764513,-47.596063109854214
2.1416736954741626,-52.31252242095778
6.221064998521952,-54.1851238427854
5.077223599751939,-56.73848145857238
8.090297888587562,-47.80234684013241
7.649157257696726,-46.98137868951622
5.254176177714664,-41.032495655127555
9.441185714121833,-45.634157878032845
14.966577779169455,-38.62868822311269
6.437118300831727,-49.16784837229167
16.350114997938668,-49.19775889333732
17.966943463836053,-40.301641023482496
12.20135579075394,-39.02280611147635
21.13174295490499,-38.40693613627679
9.640483834474892,-42.82428459242691
10.80747286224181,-41.898254030469865
15.094111202921741,-47.17770694918227
8.150872553582852,-45.55709851597517
9.447556435263271,-47.31475435582423
8.411234509881375,-45.44758791820045
11.68392476284361,-35.07888029559196
6.353718608931587,-43.02375452280904
13.971431232182827,-34.56545405893236
11.111526152321405,-43.96254607644106
13.687200468495611,-47.756488980127585
6.873557291800121,-46.21226859010877
21.06134136598299,-36.16897333056956
1.4830510889104556,-41.4227383629642
17.77792761696984,-51.933824589226006
14.383812020020311,-45.616761593752635
13.471243893817313,-41.48385121274337
20.5185822839153,-53.160820567033234
22.472731642207343,-36.98988883507431
17.47729910691841,-48.22517222058744
17.814218385354636,-44.04877251212813
8.313673132186508,-34.69833368327733
8.340269905531533,-42.233654439288934
5.015221628005238,-50.935723345740335
9.88151924499654,-56.383820716535695
4.561278208930301,-39.97676043387225
8.164940181962788,-47.533746055941826
10.234125265057038,-33.464604654807495
11.016322498530807,-54.6916234292711
7.743505549304426,-47.14334293600328
11.798755239488985,-35.09767170754654
14.51536657086585,-38.82673437635648
13.96501601674232,-33.54814967645993
17.331285674678366,-44.31650979370838
15.965475186427426,-42.68681731912142
25.60610752823218,-37.075288200363296
7.297119808827644,-48.751074277645806
9.455582327524013,-37.26660462564794
1.9574129691127844,-38.07759755252144
-2.4762766386864694,-51.26328186055211
18.80789478410876,-43.88399972766715
14.44257960522694,-37.07641970147939
27.378303603122724,-38.86484151058329
5.854075022104082,-37.40862811481297
5.829786869075372,-42.16035011446995
14.185615174025042,-43.79614931794312
-0.007149310098336414,-46.518972751886366
-10.642698118174415,-33.278324824264956
18.878515150063347,-32.94120951777112
17.638479452708726,-42.780343001298206
8.518876535772515,-41.706850145640566
25.891830496163067,-47.368576476396896
13.853162963839953,-32.18572896770892
21.444477789296638,-43.76619955574564
14.398041478749528,-44.32270249519326
9.38644399374712,-48.94426098726923
16.073588898680143,-39.37696389886745
12.94627044913601,-58.240245315248714
2.4056682592730585,-52.18190164923929
7.041729713283433,-51.022407290899366
6.869975085355635,-36.42982580675823
20.57905358940555,-37.43501124431385
19.729118112689477,-43.70798042685766
18.22012429815057,-49.51491238556745
17.887337226821323,-58.32175687779808
14.003741059674017,-44.91214349529483
4.228986950375591,-45.35480595553372
7.830872290045986,-30.523241442578342
5.486254967761607,-45.51009875838213
22.580232531492484,-47.65380321439908
8.994967017982674,-41.72570077395095
10.602226874397182,-38.36908170376962
11.252067713394018,-51.19347350289809
22.789977646204353,-44.191914655606475
6.925397594986139,-40.21217781602523
9.799921957046246,-43.51852049711264
24.25236685358688,-40.586229368464714
9.676394725725267,-41.27528754889833
11.437473965647412,-44.94555098309001
9.944996199801674,-47.05947863977878
9.83941595594404,-50.010349403697035
-1.3639710937870557,-39.50446468947461
7.514011506090635,-46.48352279065004
16.972078282341556,-39.61351315279892
13.743260669367753,-43.77740119676769
13.174397466956325,-39.85216085585423
5.022315287874284,-46.94634236211057
23.44727486236017,-53.21764709364993
18.608179984675488,-50.75989448645032
17.13827132739478,-45.18483579415518
16.49237435578185,-36.65818215162409
15.685809503698001,-45.61424019028398
8.04027034892546,-36.482475877547834
18.62499113097533,-45.26201857560161
9.853886821448686,-51.243976951097
9.663740548573092,-45.362525869395434
5.582089520035282,-51.083814301843056
18.213162026293098,-38.02391878564311
9.651395982513845,-49.58516553739251
23.900915849280146,-36.58853076748028
2.9708294899631547,-31.579270206372975
-1.5723911945012095,-28.246413319130316
23.591459577980974,-50.423663094124
29.219640096466442,-35.333847291087416
13.039127734202,-39.665380042666335
9.496586434591228,97.9436558540192
5.6791933509408254,100.34003726330383
8.006166583699674,97.27363932173495
13.625727716033255,92.42088257477123
13.828087436641395,85.54890465333067
2.8262470144156726,96.23811302759903
4.198281981636463,95.4727659391127
14.614002493597033,101.4168152459097
12.384256696547576,111.09677449235781
6.1305078616658,92.10299444191945
16.295539697799853,89.47292637286033
19.335945023854485,95.2593591247483
13.636775801260534,92.02514358018357
6.169209271739352,96.24011932238353
14.049744003346763,90.92942774743938
5.857197238525038,92.07619839528027
5.922936243301193,90.24964779294216
16.05308304208532,87.51590253879952
15.281259421371525,100.09194277789477
17.333567656655084,108.05504690852166
16.098458144408955,108.50893274502036
18.027927824902306,102.95562491227014
16.47716312270368,100.63414511370377
4.1779615503926495,100.72454347275222
18.38638624891567,98.15269876175931
14.704326498285695,92.5118130555557
6.915461694877887,98.77082784773877
8.923455453616297,106.56311864719216
21.936455935418586,102.75553720574611
11.51398428243564,101.7989902847662
4.952528198156953,102.85335543331568
0.9884930605183833,99.66418617257669
6.738195148902938,88.05779425511602
-0.48528846520355273,95.07357237791778
22.254792124319984,97.51251356668436
13.02396307630143,91.93714623514708
19.39155007830498,98.06859196175155
19.084877585507222,91.6388073324603
4.516363484389121,96.70086054612283
13.250046639337885,96.41690736431912
3.3775173463410573,93.92124035774675
12.519847686527353,103.90581000701636
5.138666382729961,91.30137105750195
13.85910536877945,94.21125388525869
3.270570880488605,98.75612962362322
11.055839062096613,97.65628425833489
11.779799739579126,92.12619173360987
11.184418885945012,92.25878930816977
23.50549924484789,97.32068346283398
8.776711744134824,99.46222032162929
17.588432762127518,103.23711430914469
12.79562827631654,85.53921229991698
3.6200204910536673,99.52921245623247
4.995723094123601,82.1539746318406
15.49604793319039,96.00216090252589
15.586375890913907,102.43035663422361
7.9222892715539786,89.99311975717114
18.387691881398865,93.57477687410525
8.635017843899053,100.0219117783131
19.38978610781774,109.86671089213795
7.927403501422375,88.67319842049274
6.530750142957309,86.05983178563218
4.185469117652331,87.30753139636411
3.7592424341645714,86.02806696110368
13.99677419523825,94.94196479399092
8.81388788872435,98.72486056890524
-2.1735466329026547,97.82109876531777
22.615757005646525,100.97878954782095
13.245941397744168,96.85762481772687
13.765017534917575,85.77716623013829
16.069005252438775,96.64973875286991
8.727009552846239,96.0711185298806
6.255796791646064,109.03931473984554
13.592261103379396,103.816362155157
13.51786868308523,109.29255849994792
13.33085565347993,87.54799807144207
16.771378962535852,99.02106092562796
12.372586927891303,87.3705383058426
15.29187949062876,96.67457968001914
7.608084511572079,96.71925300872763
6.029001292756738,97.69038352871844
10.783371412823376,95.73582421727458
6.200646409234843,91.388517448509
18.47926737830746,100.51444477055645
10.854124216058082,97.41157390546263
10.496539578033882,102.92122013491804
4.380321164288719,97.6735470065291
19.595111129072322,91.24056542027832
10.007242464834315,95.57461706763645
5.3688653124684595,98.29383007147983
12.508296723908433,91.04820896180713
20.08978805135355,96.26668171702852
15.733884149601543,86.82292113113184
9.06359960654402,98.7143153751154
13.212554814797342,91.02253377029591
12.065997706514583,97.00330880956896
2.3684832104030864,104.59628409373057
18.37169422914354,86.12562847097455
4.972669650745823,106.0420692350489
19.466804771191974,91.31086627876738
10.140796577524474,96.6094713204522
25.023661036243055,100.62846611644804
11.266890718485588,89.46834497960762
24.064085698875022,92.03398360700473
4.918407133614253,92.46922350081829
23.243438687495733,92.53225576253587
7.276737929273025,98.26940960469275
18.226900466059533,87.79960363456799
16.94782658322272,95.37354398425228
7.900635965208917,97.83566310562867
17.94273970608767,95.83709347593393
11.142505111294456,104.56529803680672
12.01191806246219,100.3892382260833
16.037775209176214,98.58543338090243
15.830919776748303,90.04079382833888
5.2054591393806655,107.90456517930882
13.78466646679611,97.44693543177497
14.982554993202779,103.49194691086774
1.0137038111470105,98.18096050287103
3.98586310621229,94.36146190392836
9.793222007589783,89.14885271391921
17.164455165079282,94.95124790666668
17.123036800452635,89.89744166018001
2.7970636034741183,103.5048554428219
9.924923486585715,95.94994251618242
15.414340386539523,98.16229333671913
0.6733374957009168,96.58520480612553
9.827562784594198,89.88704127648342
14.370200512719851,87.7358504553837
19.881504653700837,105.13303649986788
3.959800562435304,100.72671411629217
4.926405658321017,84.28573985691376
18.435657130397757,99.34646871181504
22.937549150630023,90.20074986342772
3.57085594888147,101.22252578931996
22.538226026287532,94.07476609954726
14.825191189129484,89.30345558453783
1.5812516202554292,101.67134243243214
11.802070052687167,94.6161613782766
4.087324171368531,97.26556579145421
4.114661408480697,109.16671651333974
3.5360006363262375,97.40018592952728
2.3693943314038517,96.34354523768836
9.154561443228607,103.28483902913943
13.321253064906154,96.24861902128043
18.60061622815914,97.50746319765612
-0.6692681099136824,102.62794835128189
14.682252724056323,89.98272777478212
15.344759734212708,113.26520006333465
18.313944113381755,91.48273768636497
9.002233956189418,101.99370842638085
20.194606322699535,107.05454513025953
15.678608363338753,94.23945853383012
16.283426961677783,85.39864600664244
14.15729772976028,97.49628976018174
4.77026073809985,91.51162954901825
21.671999786086367,96.33484740320192
16.288957842455833,89.71760014949919
-0.035379611896505736,95.4964071139109
16.84023171569418,97.62561092966502
22.040137853534947,100.32672257536001
14.108034402600909,98.21829043432673
10.192896930320476,106.51546763065073
6.887726002198802,100.04314121162194
9.450471386111918,91.47265205859729
14.070348765679677,104.36549276176356
8.873734832501182,94.90726642416894
13.099544970046269,94.92781222447692
10.598424506210202,107.71194003201012
14.91751106159466,108.68059411366829
11.434789524784978,87.78338586327338
10.737216308126868,96.85854811476375
12.714730770196685,103.04480096559229
13.409855374484623,90.5197345477502
14.186076716385866,95.9975334585569
9.903543731265033,90.28997616371228
16.916022220945983,97.13774364081317
2.5044553709825674,92.17528005046317
12.518502963378682,93.19755022202006
11.614247746185665,91.4963430601104
16.029787614764754,110.92952917110144
19.97049314500513,88.05319590703434
7.862558767399872,97.31756457916808
7.50285017143465,96.76593203143422
23.812004168186135,94.31929372747081
4.133116944942703,93.24773629345448
12.102777415462887,94.33333586637097
-1.0590565456667118,106.40919713482431
6.133018232358169,89.94997546716765
-2.846386011955218,94.55810208603035
4.166184355311826,109.8804390054323
7.60731998908178,93.63687600725085
15.186406650961521,90.49692429623288
1.4653304993028673,93.58086998832165
7.20543634895407,113.05867466774336
2.7125378481715074,77.51647945290355
11.768772286014046,97.26234191796046
15.639454721084434,106.01771812074422
12.655148315629027,85.02745755408397
8.618863587504087,93.70148442583348
14.79409163381164,90.72139718338197
21.154086330169285,101.67774483583221
13.490267270426926,102.9137503994338
3.1998364667422763,96.3230033967831
5.660741313838443,-57.12469434671004
25.03024914944701,-70.45299355169556
15.492528870386067,-62.751643835951285
14.171431331037233,-57.25045024719617
20.24832748975095,-75.38049467681897
16.375605325472083,-60.757911717931755
13.776475913024086,-61.7421861402387
7.944699461749896,-68.29970613082854
10.773575607141023,-71.13903622040165
11.316727290713361,-67.55883698402734
17.43203281181072,-73.31809162008267
11.180003395334003,-54.885790340531315
16.9389638885294,-64.35191319478398
-0.579010549828249,-76.09907553100098
14.280997167664863,-61.029668658272655
10.290988219306836,-68.07277672756273
12.134301205081476,-63.81024057928598
11.90234714303008,-62.90919251079337
6.9554715594179095,-72.8525927583346
9.034514236935387,-63.54194365284338
16.810854821521055,-67.49069396063976
17.685498355981203,-76.0204632243669
16.6584105301933,-71.8106539209263
-0.004653290393639153,-70.57345924200439
11.677139273608233,-64.71897487147177
9.811498922371904,-66.41922690211383
0.3457043603644845,-73.67945043935632
24.244580236583232,-65.19760139023651
1.3842496482240492,-63.18288755454022
12.260897482310439,-75.13162272834883
17.06747139209744,-60.45024218685336
2.4179150699189123,-54.246091911515
7.535099842358747,-74.35527188297716
-0.7005444388422113,-61.5711595179922
14.098664637453242,-71.03824128817968
7.438458149773568,-69.13787693627424
13.981944146764537,-72.84178455798522
14.362456460900953,-62.35766105804412
20.435680234953956,-65.18240592773819
11.668708220810926,-78.82981012237573
15.097975656065628,-65.343697486598
6.327602392093131,-63.04764287052634
10.242921726131232,-63.21853365726068
12.465843646543183,-60.85451198636128
6.517525634429179,-58.31056889589347
15.720690288729104,-71.91814339947321
13.326962699800347,-63.570085047375784
8.244703747088115,-71.53443091946183
10.884435061345453,-60.26796241213539
8.478650247810716,-56.24733861081559
16.818318590659594,-76.41181228986412
8.941918318549138,-75.82917600805256
12.774687855774493,-61.53423409886268
10.743715622045267,-66.50383168256587
10.25480071576009,-66.69034354693005
15.589991125166007,-63.48952938940462
10.273504906593264,-63.50385413653061
23.416819892551906,-66.42633320248895
8.431448550380992,-69.17835692192723
9.410344316034308,-58.42681120080465
13.822793186995469,-60.48690771889725
16.57061858901131,-63.798917820077996
17.75711526253148,-62.859579829213416
17.761384859668738,-58.7319381788663
15.944815555038705,-74.7507547036039
14.081420497823306,-63.466944035867215
6.4344555041681,-66.14052191687915
4.149753796711659,-63.85506801412587
6.838316671655935,-55.921059289699514
12.49870544584326,-65.20355603582559
11.560326920360652,-74.37991529550706
14.135642539360697,-68.64329004932243
7.536384576434684,-67.86553968840782
20.773729692149317,-76.20338077321321
5.537776731631425,-75.69189575293845
7.632339434502957,-69.78912662008514
16.74310710692727,-66.49342012443807
19.229609095577292,-66.09937106580264
13.680115812014371,-63.63233890881641
12.253615720017418,-78.0090930045564
12.755897137838222,-62.4848041790286
10.392216374876597,-69.76057229709434
16.65521606764788,-64.2038982067091
9.405542608749581,-63.3373358317438
20.018023776038092,-66.7107035465953
16.418229860246598,-67.2099248390941
3.447042703406346,-72.37068552856654
5.4319692142595715,-64.78300642567437
5.581900122406545,-55.55937911160621
12.93486989933966,-63.33280647532972
25.894360547230505,-68.58494493805316
3.161099800951643,-65.94094351341766
2.762522753313105,-58.50264614293783
13.307592364006922,-70.14443340118558
19.423139252419354,-65.26916938283344
20.523900240752305,-56.835132346424345
-2.092435796581512,-69.48015510385862
3.715901167972648,-60.415809757182515
12.094135147118047,-58.80488864684158
20.351491106383243,-66.16046067419735
1.8751817151172396,-66.72743446540306
14.821435936831586,-68.54041441731584
14.93687725122976,-56.08065861382794
2.9914181786760725,-57.61269301435947
15.173203925099013,-60.35932547994202
4.113908057576546,-70.52045273577932
16.66331706223925,-66.84230285462169
12.137350768738273,-64.7261742045817
21.877223233159242,-57.25501233526266
13.968586957220431,-72.31789229150478
11.422300328097533,-68.36461624758714
12.311330649895528,-68.18697315864112
13.854584237287682,-62.25823045803857
15.115255168327725,-55.690186650171
20.194827460679242,-70.92825813912496
11.74858489470591,-53.93756538536335
3.8003303945446625,-64.78792450089549
6.234366163499547,-65.29423509940091
13.646950755420038,-69.90331467502187
11.88484152990117,-77.7441853239997
5.735901559424857,-65.48027273851338
11.36126230261066,-69.13690547128343
15.67785174396921,-65.69614483214865
16.94714843334734,-63.047142226201785
10.108981688857336,-57.4638806474636
1.5177341700746663,-65.58168081007686
3.644916820819832,-62.41031369313339
7.75071757712436,-67.89829259494589
3.049948536447131,-57.206097404172034
14.235187624319542,-54.92429043978991
13.601670018805045,-61.61718130125363
13.189872224866999,-60.75577042125032
14.963539435835978,-74.96205762722589
-0.23952361226995222,-66.97526187314098
9.99923064196254,-62.06016004136653
8.840967193535523,-68.51053625813422
11.973863792820284,-54.55560924553825
4.641614664921997,-65.50315474810692
9.483033136553283,-69.28921228054115
13.528085950217777,-68.43468338602227
16.67030096476075,-70.96172329567531
1.803403407994784,-59.318575480750056
-0.11809371728601192,-69.96181915720108
16.26649486930106,-68.78816882368075
12.812118973173522,-66.62694434289581
10.114163758046086,-50.930489649631916
17.228271167122568,-62.79779498962578
12.41654566099039,-65.39781019944715
12.712394159916204,-72.85221790654434
18.949890974061468,-65.47692896191332
10.708303149987866,-63.74761641053159
21.095381147725,-69.40425878132973
19.177025204660698,-55.790757394853614
9.408900529945576,-64.02611665704373
11.457506420329922,-68.76590207041518
7.24328808815986,-79.99436649756123
9.029781367860751,-68.75895534579293
15.892451398163708,-56.55549968023095
26.784720523416723,-68.26878876223343
16.794200625567072,-61.564642833507996
9.834961567130165,-69.32047561178865
6.382649044006887,-64.52812877403866
5.775079585102617,-72.83362943914808
5.199397113408628,-66.16272959917043
16.0531554685343,-59.4852613029347
10.963067114875093,-70.57873402135996
8.38705125925998,-72.53578262042645
9.74207575362091,-74.24310701761094
7.127412867270882,-59.783113683263814
10.089677186154757,-61.90309191306841
12.717416358231322,-68.48977199396641
11.19189861320962,-56.607435184463434
9.876816668972912,-64.39154546888838
15.650456697873071,-56.348673753484526
-3.0063624586672173,-50.70485208021982
9.67717972587048,-65.52207593131801
20.907499238548276,-69.46617499425456
8.116204883513486,-69.17856033060279
0.21898298099436708,-71.48224465386258
20.778468509983693,-71.31539134099913
18.84714586311447,-57.447758584689176
8.049610296021356,-69.4221884697474
12.645854127794717,-77.20709262279168
7.365948305160592,-69.31226932223828
7.523004231908769,-68.85954077493705
16.044311472154554,-63.85725154456696
16.1980807133666,-75.99008493568758
17.554187058532243,-67.4482475480967
16.94932397685961,-64.59306952621813
13.553936795679775,-59.26638284699524
15.416988380181358,-59.021771981151936
14.254045103966801,-61.74158805375703
7.354219907901108,-61.88745874929741
12.364396192624396,-60.73534144743657
14.547629846849595,-57.1758552972111
13.792142763482046,-65.39137017957681
10.71122030242433,-68.73369503312536
8.188329056199802,-61.878920255871975
4.310915467523936,-61.386895994749615
13.778195799448069,-64.14936779244572
23.86620780375737,-52.02887974147242
13.258826381755421,-75.87354539341179
15.844530852583617,-66.15063769640571
16.673759954958467,-67.63709975572269
39.595523591004955,119.52739869514681
39.363169154605394,122.9464252838142
47.35670803046448,135.29676713684609
38.660667201055574,126.93775127810105
46.77102370966453,132.5407416898921
44.72123936216035,138.30658821578837
49.9294760062098,124.45691700207571
41.6502840319636,125.58111862892378
47.65311615138745,122.42307139620384
30.688396568893126,123.3266824257451
48.299268841034426,137.01717024975991
44.56302325981309,135.55589510838294
38.19374910124937,125.94950449373478
42.829736426307754,117.018417931011
42.96027916808284,130.1626769547015
35.06922034288632,123.4820517559005
37.16222226190919,127.80117537240602
35.012924209089164,127.43748723090654
34.37210895631885,120.75831409765163
32.433659640259364,133.2295197772447
43.223107049318465,126.82590023407279
42.53128548949582,125.66255705321602
45.28885252907128,125.39465975162017
40.71624556206594,125.59763617564431
49.866643320349354,125.71838317687443
43.565874974574044,117.31943312647394
41.922926179715496,128.77190500601102
45.53641572953019,125.8440634660312
38.033860614138455,130.20646049836475
25.890524782552475,126.48132437855408
40.5505895306971,120.45463516034826
48.14734075023806,128.6942518134576
41.576730319343646,132.33225443257908
49.96491148375715,118.40605581167209
29.840601023676978,138.24148407757002
34.862336520532224,128.55388662657825
42.390864231646546,126.13456630369346
37.40741451800948,120.21809180428338
34.19578611755629,129.24231036683508
41.64148421069108,131.6542139351444
35.688733505784334,141.1547169861447
38.32191993757008,131.66175632828288
29.23667334428398,130.4399401247105
37.558882249477925,108.04071342642017
35.39104434584872,122.68901790098299
41.63822976124383,122.17079051394323
46.877264816006814,120.86067795074514
34.56896486221197,117.3235264231913
39.513209442830096,124.08554223054938
41.92481451504397,123.38913473305882
39.200942728943396,120.8323320170144
44.66840833524789,129.67381659615387
42.28228525023177,128.44801992170002
54.26047741071827,119.59317059592253
41.65090946414146,118.94107759118904
42.65048392756452,125.34122737107482
34.43139077585605,121.5951104293253
43.80828641197028,120.8629092275538
41.38504599976216,136.23963963206134
47.773787517683374,123.85299297655324
48.337260905708625,125.73490326120486
42.28735106341489,126.39396670996116
30.718567674565634,124.7391509483236
38.04397231382547,121.00791376370637
45.096703729978216,121.83227766737282
35.28887738552891,131.23234816623614
38.89705169245378,122.50006400580003
32.037506384720295,113.61540483305836
29.393931322527663,112.31671791682322
36.75649941847673,126.14051032884942
40.63979712233913,122.06721653464984
44.288035621472375,137.47136214176112
36.779687144154714,121.56995708785378
38.61010049710289,127.08991050804998
36.16377678056958,126.51396683822557
33.819740263082856,116.90727527016088
32.263403429236654,137.1700970446386
47.057570031517244,122.52531770169706
34.02116506997166,125.28977264983918
34.82898015043889,143.56569982617808
44.89219632685278,122.35546000876953
45.88671571241308,128.69564884331578
51.19477195277088,121.68502010424673
39.461829803128275,130.16634950789702
36.419224944571354,125.3889093510888
36.409654776433975,134.1428624664628
43.774609440251965,133.0588881628483
26.47699158571636,126.31972824636011
30.47993688488038,125.86321382525537
36.686060863015314,122.75380115483583
46.60537727555024,122.37944929842095
51.506580065571846,125.02795327626902
47.10911147232655,133.87873033671855
45.04567222044334,122.54928836106095
44.95063669448572,130.2486977566968
41.12534014653121,124.04826727599712
43.70761162869967,120.86269524748184
40.01985674797678,131.7368231697513
44.44799258681683,123.8915300170482
47.50775791680938,126.18089606205216
37.13987199002447,125.21813591399348
40.3376748454857,125.37202453211793
40.21500283532079,124.5436925565326
37.23628417220363,140.34702180527717
43.64102371586689,128.81079138631625
40.949338394534195,134.67901803640993
40.562686918405625,117.69307402316961
32.37444207223654,128.21511216016808
49.21912882484472,128.06727739487215
39.247892619849466,121.8962868865852
39.57293997263647,132.29448424151354
42.112609495218564,128.1203586308461
46.94962552719734,131.1179740654217
40.357039288999346,119.94003869534217
33.53255871007384,121.24697982228558
32.36409123323934,119.67242034223031
51.326727557184135,131.97473242959094
38.442817209928975,134.29150125083285
45.10522578168472,121.40887611407311
33.55553541509167,120.77973408851781
43.12192679666681,129.9431768893291
45.61693847139213,123.33842494919551
36.43232145384698,129.51680286306947
54.17807935975958,119.51010678684086
36.811789096672086,128.59844290848315
35.373720283267545,135.38421138801837
42.53067423089846,126.39400193012158
58.01331511008442,122.62279459454663
39.023205735472565,146.61783600446566
31.841046553837096,123.54093248960214
41.94962026835598,133.15850010696713
49.561913883568046,127.33433174553954
39.05309405573672,128.62575985167203
37.83595474209144,124.33805061661651
40.51629101405666,125.77251174683536
25.774187764958015,127.08213745911374
29.13842936736848,132.68843644165548
52.53903868885834,133.45520915135168
45.0199477649979,118.26073898605964
28.99016591942521,135.53092532360301
40.60952403449137,141.67039590193937
43.22930643939677,131.15299510873018
48.114024505880415,128.41639670591871
48.429850264105745,127.39948607097959
31.697719458465656,117.81228269011244
39.14594960277719,125.9756401799969
34.856217081744774,127.42282486840068
50.48461514878315,133.62492593802486
37.71185006064374,127.37094521732266
31.70647549535493,126.7850225342825
48.04281646872942,130.32763166852055
35.551554253774874,117.21596378585382
30.76104186605027,116.91660911599458
45.61649109777733,137.85683503276104
54.19221628271759,110.74999132339894
35.17031281839908,123.73092850504226
51.75365878479539,131.11867543341458
42.437412469504146,128.75215614262893
36.19544674363593,127.68855053818214
35.83383480291038,128.69143313137585
34.065329255290116,126.77858405094534
30.0572679830696,123.4931447695914
36.85793839035542,119.63042771450738
37.273333203375714,131.56113732946707
40.70985654285456,131.07266949444644
41.0898805878976,126.87508012216615
36.2995895040151,128.15310154172553
49.73736690703734,135.02429922456935
40.08170277683202,133.20785955315276
42.05678006657244,123.88634847740272
43.689504501812856,127.30665324164028
35.687906272112095,122.77796904945883
47.58482489326084,126.2258316798792
49.06452707071233,127.83329193871876
50.17129643225074,123.67453650839042
42.38999138284832,137.72217529277043
33.13005352744343,127.73858926791218
39.445496344199775,126.86572814310979
35.34242191159,121.51672482841448
40.84404131549243,126.83320172498756
57.8106576080155,131.1142421358522
41.23342824176949,130.13787605601414
35.01836578151307,122.41120606897272
40.56831809360812,128.80966599318978
53.075203755134154,117.75699959026912
50.81614705319912,124.94888814384511
38.95611938472758,128.50196618003355
36.733319984709965,124.56680471740141
41.60937560299175,124.07595165093439
43.632683628561146,127.37457313414288
32.47728156395918,136.5776822595299
40.62918097239589,116.5218942889118
36.24732755294866,122.08938861292268
36.50649615224368,126.84181947835232
40.5920811606178,125.93526487906571
41.02500210806423,126.16050490510672
49.58716534574509,125.15448903151255
54.51994463100686,125.07614546431415
39.745912331714116,126.75046504875947
46.95764596459041,123.34768057447857
33.9848727616361,135.6839714462336
47.51883495527902,133.91544172675395
35.701168001292054,127.43604969039909
34.1904026726496,131.76160874908373
